id;cik;ccc;payment_amout;name;email;phone
1;36635;Loan;41795;Bacon core Rustic;Beau.Kihn@gmail.com;81027
2;93164;overriding Tools;32213;copy Wooden;Turner95@hotmail.com;88589
3;78703;Avon;67238;Keyboard;Elisha.Hirthe@gmail.com;65405
4;68308;Sleek system deposit;78229;Multi-channelled Steel;Kaitlyn.Frami@hotmail.com;49650
5;31306;EXE compressing Vermont;3132;back-end Interactions;Uriel.Witting@yahoo.com;77742
6;79689;fuchsia Guilder Nuevo;86421;synergies;Ransom_Feeney@yahoo.com;33371
7;86327;Reunion;98717;Azerbaijan payment New;Kitty52@yahoo.com;97971
8;64178;connecting;62641;Accountability scalable;Tyler_Russel76@gmail.com;91776
9;38564;Bedfordshire Table;57059;discrete transmit Chair;Benedict_Fahey@hotmail.com;63277
10;53784;feed methodology silver;64798;Fantastic;Louisa.Zieme87@hotmail.com;52401
